priority,folder,name,chars,note
OCR_probable_escaneado,1.- Yara,"Vehículo Yara (Prius, placa 12N779).pdf",24,24 car.
OCR_probable_escaneado,Actividades M1,Ejercicio M1.pdf,2,2 car.
OCR_probable_escaneado,Actividad M2,Brujula de las emociones DHD .pdf,2,2 car.
OCR_probable_escaneado,Diplomado Fertirriego Intagri-Almeria,24.2.1 Fertirriego en frutillas (Garrocho).pdf,14,14 car.
OCR_probable_escaneado,Fertirriego varios cultivos,09. Fertirriego en Esparrago (Ramirez) (3).pdf,8,8 car.
OCR_sin_texto,Taller fertirriego,14. Ejemplo resuelto en los capitulos de N P K.pptx,,No se encontró texto extraíble (puede ser escaneado o solo imágenes).
OCR_sin_texto,Modulo 8 Administración de tiempo y calidad de vida,MODULO 8 - video s  covey.pptx,,No se encontró texto extraíble (puede ser escaneado o solo imágenes).
OCR_probable_escaneado,"Informacion Profesional, Tecnica y Cursos",Solucion nutritiva Tomate.pdf,2,2 car.
OCR_probable_escaneado,"Informacion Profesional, Tecnica y Cursos",Tabal periodica del Excel.pdf,2,2 car.
OCR_probable_escaneado,AGAVE,Extraccion nutrimental agave.pdf,2,2 car.
OCR_probable_escaneado,Análisis de agua e interpretación,Análisis de agua (RAS).pdf,12,12 car.
OCR_probable_escaneado,Análisis de agua e interpretación,Interpretación CE en agua y equivalencias.pdf,4,4 car.
OCR_probable_escaneado,Análisis de suelo e interpretación,CIC de acuerdo a la textura de suelo.pdf,2,2 car.
OCR_probable_escaneado,Análisis de suelo e interpretación,Clasificación de suelos.pdf,2,2 car.
OCR_probable_escaneado,Análisis de suelo e interpretación,Cálculos enmiendas.pdf,4,4 car.
OCR_probable_escaneado,Análisis de suelo e interpretación,Clasificación y Taxonomía de suelo.pdf,2,2 car.
OCR_probable_escaneado,Análisis de suelo e interpretación,Interpretación análisis de suelo.pdf,8,8 car.
OCR_probable_escaneado,Análisis de suelo e interpretación,Mineralizacion e inmobilizacion del nitrógeno MO.pdf,2,2 car.
OCR_probable_escaneado,Análisis de suelo e interpretación,Rangos diferentes metodos de P.pdf,2,2 car.
OCR_probable_escaneado,Análisis de suelo e interpretación,Propiedades físicas y químicas del suelo.pdf,22,22 car.
OCR_probable_escaneado,Análisis de suelo e interpretación,Valores de referencia CIC meq100g por textura de suelo.pdf,2,2 car.
OCR_probable_escaneado,Análisis de suelo e interpretación,pH en suelo _Michel Slota.pdf,4,4 car.
OCR_probable_escaneado,Análisis de suelo e interpretación,pH en suelo.pdf,2,2 car.
OCR_probable_escaneado,Análisis y estructuras Foliares,Determinación de eficiencia de absorción Foliar.pdf,2,2 car.
OCR_probable_escaneado,Análisis y estructuras Foliares,Diagnostico Visual de Deficiencias Nutrimentales.pdf,18,18 car.
OCR_probable_escaneado,Análisis y estructuras Foliares,Ejemplo evaluación foliar.pdf,2,2 car.
OCR_probable_escaneado,Análisis y estructuras Foliares,Norma DOP Analisis foliar.pdf,10,10 car.
OCR_probable_escaneado,Análisis y estructuras Foliares,Superficie foliar y sus estructuras.pdf,2,2 car.
OCR_probable_escaneado,Congreso Aguacate Intagri,Congreso Aguacate (programa de nutrición).pdf,20,20 car.
OCR_probable_escaneado,Congreso nutrición INTAGRI 2024,03. Revolucionando formas antiguas de expresion de la fertilizacion.pdf,28,28 car.
OCR_probable_escaneado,Curvas de extraccion,Curva de extracción berries.pdf,4,4 car.
OCR_probable_escaneado,Curvas de extraccion,Curvas de extracción caña.pdf,2,2 car.
OCR_probable_escaneado,Curvas de extraccion,Distribución de nutrientes en Maíz.pdf,2,2 car.
OCR_probable_escaneado,Curvas de extraccion,Etapas y extracción de aplicación en Maíz .pdf,4,4 car.
OCR_probable_escaneado,Curvas de extraccion,Extraccion Arroz.pdf,2,2 car.
OCR_probable_escaneado,Curvas de extraccion,Extraccion aguacate.pdf,2,2 car.
OCR_probable_escaneado,Enmiendas cálculos e información,Ejercicios de ácidos para neutralizar bicarbonatos.pdf,6,6 car.
OCR_probable_escaneado,Enmiendas cálculos e información,"Ejercicio enmienda Yeso, Cal y S .pdf",8,8 car.
OCR_probable_escaneado,Enmiendas cálculos e información,"Ejercicios enmiendas S, Cal y Yeso.pdf",12,12 car.
OCR_probable_escaneado,Enmiendas cálculos e información,Neutralizar Bicarbonatos en suelo con Azufre.pdf,2,2 car.
OCR_probable_escaneado,Enmiendas cálculos e información,pH de suelo.pdf,2,2 car.
OCR_probable_escaneado,Hormonas vegetales,Ciclo hormonal de las plantas.pdf,2,2 car.
OCR_probable_escaneado,Hormonas vegetales,Hormonas Vegetales en estres.pdf,4,4 car.
OCR_probable_escaneado,Hormonas vegetales,Hormonas y Nutrientes en plantas (Notas Tecnicas Agronomicas).pdf,4,4 car.
OCR_probable_escaneado,Hormonas vegetales,Manejo hormonal uva.pdf,2,2 car.
OCR_probable_escaneado,Hormonas vegetales,Nutrientes en Balance hormonal en plantas.pdf,2,2 car.
OCR_probable_escaneado,Informacion tecnica,Aporte de nutrientes rastrojo de maíz .pdf,2,2 car.
OCR_probable_escaneado,Informacion tecnica,Calcio a nivel celular en la planta .pdf,8,8 car.
OCR_probable_escaneado,Informacion tecnica,Calcio a nivel celular en la planta.pdf,6,6 car.
OCR_probable_escaneado,Informacion tecnica,Claves de la relación nitrógeno-calcio AGUACATE.pdf,6,6 car.
OCR_probable_escaneado,Informacion tecnica,Conoce el efecto de la fertilización en el pH.pdf,6,6 car.
OCR_probable_escaneado,Informacion tecnica,Cómo determinar el coeficiente de uniformidad de caudales.pdf,4,4 car.
OCR_probable_escaneado,Informacion tecnica,Efecto salinidad en Berries .pdf,2,2 car.
OCR_probable_escaneado,Informacion tecnica,Ejemplo solubilidad de sales.pdf,4,4 car.
OCR_probable_escaneado,Informacion tecnica,Factores de la hidrólisis de Urea.pdf,4,4 car.
OCR_probable_escaneado,Informacion tecnica,Macro y micro nutrientes en arándanos.pdf,4,4 car.
OCR_probable_escaneado,Informacion tecnica,Niveles de referencia Hoja Banano.pdf,2,2 car.
OCR_probable_escaneado,Informacion tecnica,Orden de quelatos de acuerdo a su estabilidad.pdf,2,2 car.
OCR_probable_escaneado,Informacion tecnica,Porcentaje y ppm de nutrientes en planta.pdf,2,2 car.
OCR_probable_escaneado,Informacion tecnica,Rango foliares en ppm de elementos en cultivos.pdf,4,4 car.
OCR_probable_escaneado,Informacion tecnica,Relación de hormonas y microorganismo.pdf,6,6 car.
OCR_probable_escaneado,Informacion tecnica,Regulación hormonal y Nutrientes para inducir.pdf,2,2 car.
OCR_probable_escaneado,Informacion tecnica,Síntesis de proteína .pdf,2,2 car.
OCR_probable_escaneado,Informacion tecnica,Salinidad y CE de los fertilizantes.pdf,4,4 car.
OCR_probable_escaneado,Informacion tecnica,Síntesis y funcion de las proteínas en las plantas.pdf,2,2 car.
OCR_probable_escaneado,Informacion tecnica,Volumen de transpiración en base absorción de Ca.pdf,2,2 car.
OCR_probable_escaneado,Informacion tecnica,Índice salino de los fertilizantes .pdf,2,2 car.
OCR_probable_escaneado,Información Isaosa y presentaciones Nutrición,Ecuación de liberación NLC.pdf,2,2 car.
OCR_probable_escaneado,Literatura Adicional,04. Ammonium on potassium interaction. Xu et al. 2002.pdf,18,18 car.
OCR_probable_escaneado,Liderazgo,6 retos de liderazgo.pdf,2,2 car.
OCR_probable_escaneado,Manuales de cultivos,Brix en raíz de aguacate.pdf,2,2 car.
OCR_probable_escaneado,Manuales de cultivos,Crecimiento del fruto del tomate _240310_133825.pdf,4,4 car.
OCR_probable_escaneado,Manuales de cultivos,Nutrientes y extracción en Agave.pdf,12,12 car.
OCR_probable_escaneado,Manuales de cultivos,Seguimiento nutrición Arándano (ejemplo).pdf,2,2 car.
OCR_probable_escaneado,Manuales y Herramientas de Nutrición Vegetal,Calculo de disponibilidad de agua en suelo.pdf,2,2 car.
OCR_probable_escaneado,Manuales y Herramientas de Nutrición Vegetal,Clave para identificar deficiencias.pdf,2,2 car.
OCR_probable_escaneado,Manuales y Herramientas de Nutrición Vegetal,Extraccion de nutrientes _VARIOS CULTIVOS.pdf,2,2 car.
OCR_probable_escaneado,Manuales y Herramientas de Nutrición Vegetal,Factires de convercion de meq a ppm y miligramos.pdf,4,4 car.
OCR_probable_escaneado,Manuales y Herramientas de Nutrición Vegetal,Interacción de nutrientes dentro y fuera de raiz .pdf,2,2 car.
OCR_probable_escaneado,Manuales y Herramientas de Nutrición Vegetal,MANUAL DE AGRONOMIA 2.pdf,8,8 car.
OCR_probable_escaneado,Manuales y Herramientas de Nutrición Vegetal,Nivel de cationes de acuerdo a la CIC.pdf,2,2 car.
OCR_probable_escaneado,Manuales y Herramientas de Nutrición Vegetal,Tabla Periodica de Herbicidas.pdf,2,2 car.
OCR_probable_escaneado,Manuales y Herramientas de Nutrición Vegetal,Tabla Periódica Electronegatividad radio atomico.pdf,8,8 car.
OCR_probable_escaneado,Manuales y Herramientas de Nutrición Vegetal,Tabla periodica Electrones de Valencia y Radio Atomico.pdf,2,2 car.
OCR_probable_escaneado,Manuales y Herramientas de Nutrición Vegetal,Tabla periodica de los fungicidas.pdf,2,2 car.
OCR_probable_escaneado,Manuales y Herramientas de Nutrición Vegetal,Tabla periodica.pdf,2,2 car.
OCR_probable_escaneado,Manuales y Herramientas de Nutrición Vegetal,Triángulo de texturas de suelo.pdf,4,4 car.
OCR_probable_escaneado,Microbilogia,Microorganismos solubilizadores de fosforo_240310_133024.pdf,4,4 car.
OCR_probable_escaneado,Microbilogia,Microbilogicos en suelo y niveles.pdf,12,12 car.
OCR_probable_escaneado,Monitoreo y seguimiento vegetal,CE (% de perdida de rendimiento).pdf,2,2 car.
OCR_probable_escaneado,Monitoreo y seguimiento vegetal,"Monitoreo vegetal pH, CE y Brix con equipos.pdf",8,8 car.
OCR_probable_escaneado,Monitoreo y seguimiento vegetal,Niveles de humedad en suelo PROAIN.pdf,2,2 car.
OCR_probable_escaneado,Nutrientes,"Absorción, transporte y asimilación den nitrógeno.pdf",4,4 car.
OCR_probable_escaneado,Nutrientes,Antagonismo K y NH4.pdf,2,2 car.
OCR_probable_escaneado,Nutrientes,Boro en aguacate.pdf,2,2 car.
OCR_probable_escaneado,Nutrientes,Calcio en las células vegetales.pdf,2,2 car.
OCR_probable_escaneado,Nutrientes,Calcio y Boro en las plantas.pdf,8,8 car.
OCR_probable_escaneado,Nutrientes,Contenido de calcio en fruta de Aguacate.pdf,2,2 car.
OCR_probable_escaneado,Nutrientes,Demanda de K y Ca después del cuajado en fruta.pdf,2,2 car.
OCR_probable_escaneado,Nutrientes,Dinamica de K en suelo.pdf,6,6 car.
OCR_probable_escaneado,Nutrientes,Disponibilidad de micros en suelo por efecto de pH.pdf,2,2 car.
OCR_probable_escaneado,Nutrientes,El Sulfato después de la absorción de la raíz.pdf,2,2 car.
OCR_probable_escaneado,Nutrientes,Estrategia para tomar Fósforo.pdf,4,4 car.
OCR_probable_escaneado,Nutrientes,Factores que afectan disponibilidad del fosforo.pdf,4,4 car.
OCR_probable_escaneado,Nutrientes,Funciones de los nutrientes en plantas (Grafico).pdf,2,2 car.
OCR_probable_escaneado,Nutrientes,Factores que afectan la disponibilidad de nutrientes.pdf,2,2 car.
OCR_probable_escaneado,Nutrientes,Fósforo en las plantas.pdf,4,4 car.
OCR_probable_escaneado,Nutrientes,Interacción entre K y Mg en las plantas.pdf,2,2 car.
OCR_probable_escaneado,Nutrientes,Magnesio en las plantas .pdf,2,2 car.
OCR_probable_escaneado,Nutrientes,Movilidad de los nutrientes es suelo y planta.pdf,2,2 car.
OCR_probable_escaneado,Nutrientes,Movilidad y toma de nutrientes de las plantas.pdf,8,8 car.
OCR_probable_escaneado,Nutrientes,Nitrógeno en las plantas.pdf,8,8 car.
OCR_probable_escaneado,Nutrientes,Potasio en las plantas.pdf,8,8 car.
OCR_probable_escaneado,Nutrientes,Reacción de nitrógeno en suelo.pdf,2,2 car.
OCR_probable_escaneado,Nutrientes,Zinc en las plantas.pdf,2,2 car.
OCR_probable_escaneado,Programas de Nutrición Vegetal,Aguacate Compo.pdf,8,8 car.
OCR_probable_escaneado,Programas de Nutrición Vegetal,Calculo enmiendas.pdf,6,6 car.
OCR_probable_escaneado,Programas de Nutrición Vegetal,Diagrama para elaboración programa de Fertirriego.pdf,2,2 car.
OCR_probable_escaneado,Programas de Nutrición Vegetal,Efecto de CE en berries.pdf,4,4 car.
OCR_probable_escaneado,Programas de Nutrición Vegetal,Eficiencias de fertilizantes (riego-edafico).pdf,2,2 car.
OCR_probable_escaneado,Programas de Nutrición Vegetal,Elaboracion d eporgramas de nutricion Mateo ICL (FRESA Y JITOMATE).pdf,26,26 car.
OCR_probable_escaneado,Programas de Nutrición Vegetal,Extraccion Chile serrano.pdf,2,2 car.
OCR_probable_escaneado,Programas de Nutrición Vegetal,Extraccion nutrimental Aguacate (ICL).pdf,4,4 car.
OCR_probable_escaneado,Programas de Nutrición Vegetal,Fenologia del cultivo de aguacate.pdf,2,2 car.
OCR_probable_escaneado,Programas de Nutrición Vegetal,Kghadía tómate en invernadero.pdf,4,4 car.
OCR_probable_escaneado,Programas de Nutrición Vegetal,Porcentaje de eficiencia por fertilización.pdf,4,4 car.
OCR_probable_escaneado,Programas de Nutrición Vegetal,Programa de nutricion y calculos ARANDANO.pdf,16,16 car.
OCR_probable_escaneado,Programas de Nutrición Vegetal,Programa de nutrición Fresa.pdf,4,4 car.
OCR_probable_escaneado,Programas de Nutrición Vegetal,Programa nutricion en Aguacate (yara).pdf,18,18 car.
OCR_probable_escaneado,Quelatos,Log estabilidad agentes quelantes.pdf,4,4 car.
OCR_probable_escaneado,Raiz información,Desarrollo de raiz de acuerdo a omisión de Nutrientes .pdf,2,2 car.
OCR_probable_escaneado,Raiz información,Exudado de raiz.pdf,6,6 car.
OCR_probable_escaneado,Sistemas de riego y fertirrigacion,Ejemplo sistema de riego.pdf,8,8 car.
OCR_probable_escaneado,Sistemas de riego y fertirrigacion,Diseño de sistema de riego.pdf,2,2 car.
OCR_probable_escaneado,Sistemas de riego y fertirrigacion,Monitoreo de humedad con tensiometro.pdf,4,4 car.
OCR_probable_escaneado,Sistemas de riego y fertirrigacion,Riego en Aguacate.pdf,2,2 car.
OCR_probable_escaneado,Sistemas de riego y fertirrigacion,Uniformidad y eficiencia sistemas de riego.pdf,2,2 car.
OCR_probable_escaneado,Soluciones Nutritivas,Calcio Soluciones Nutritivas (Notas Tecnicas).pdf,4,4 car.
OCR_probable_escaneado,Soluciones Nutritivas,Calculo de Solucion nutritiva y porcentajes por etapa .pdf,22,22 car.
OCR_probable_escaneado,Soluciones Nutritivas,Calculo de acido para neutralizar HCO3 Greenhow.pdf,4,4 car.
OCR_probable_escaneado,Soluciones Nutritivas,Calculo solucon nutritiva Isaosa.pdf,14,14 car.
OCR_probable_escaneado,Soluciones Nutritivas,Cantidad de acido para neutralizar bicarbonatos.pdf,6,6 car.
OCR_probable_escaneado,Soluciones Nutritivas,Comportamiento de pH en fertirriego.pdf,2,2 car.
OCR_probable_escaneado,Soluciones Nutritivas,Concentración de la solucion (Notas Tecnicas Agronomicas).pdf,2,2 car.
OCR_probable_escaneado,Soluciones Nutritivas,Convertir meqL - ppm (ejemplo).pdf,8,8 car.
OCR_probable_escaneado,Soluciones Nutritivas,Determinación de concentración de soluciones nutritiva.pdf,6,6 car.
OCR_probable_escaneado,Soluciones Nutritivas,Determinación de concentración en solución (Notas Tecnicas Agronomicas).pdf,2,2 car.
OCR_probable_escaneado,Soluciones Nutritivas,Ejemplos Calculo solucion nutritiva.pdf,10,10 car.
OCR_probable_escaneado,Soluciones Nutritivas,Elementos químicos Meq y concentraciones .pdf,18,18 car.
OCR_probable_escaneado,Soluciones Nutritivas,Estimado de CE en mezcla de SM y agua de riego.pdf,2,2 car.
OCR_probable_escaneado,Soluciones Nutritivas,Nutrición e información Arandano Frambuesa y Fresa.pdf,2,2 car.
OCR_probable_escaneado,Soluciones Nutritivas,Parámetros de calidad del agua .pdf,2,2 car.
OCR_probable_escaneado,Soluciones Nutritivas,Pesos equivalente y meq de Fertilizantes.pdf,4,4 car.
OCR_probable_escaneado,Soluciones Nutritivas,Que es el pH (intagri).pdf,4,4 car.
OCR_probable_escaneado,Soluciones Nutritivas,Solucion nutritiva Arándano _240728_111554.pdf,6,6 car.
OCR_probable_escaneado,Soluciones Nutritivas,Solucion nutritiva Notas Agrícolas.pdf,6,6 car.
OCR_probable_escaneado,Soluciones Nutritivas,Soluciones nutritivas (Notas Tecnicas Agronomicas).pdf,6,6 car.
OCR_probable_escaneado,Soluciones Nutritivas,Soluciones Nutritiva aguacate.pdf,4,4 car.
OCR_probable_escaneado,Soluciones Nutritivas,Soluciones nutritivas con micros en cultivos.pdf,2,2 car.
OCR_probable_escaneado,Soluciones Nutritivas,Solución Nutritiva fresa.pdf,2,2 car.
OCR_probable_escaneado,Universidad Isaosa,Kyallo.pdf,2,2 car.
OCR_probable_escaneado,Literatura - superacion personal,certificate_tmp_f0216f15-2348-450b-a92b-41789064f263--1221537694.pdf,2,2 car.
OCR_probable_escaneado,Frutas Selectas de Jalisco,Protocolo Frutas Selectas de Jalisco_Aguacate.pdf,8,8 car.
OCR_probable_escaneado,Produce,Propuesta L10-M Framenco_240308_111633.pdf,2,2 car.
OCR_probable_escaneado,Produce,Propuesta L10-M Mariachi_240308_112249.pdf,2,2 car.
OCR_probable_escaneado,Produce,Propuesta L4-B Mariachi_240308_112146.pdf,2,2 car.
OCR_probable_escaneado,Produce,Propuesta L7-B Framenco_240308_111724.pdf,2,2 car.
OCR_probable_escaneado,Diosol,Vacaciones Jesús Avila Mendoza.pdf,2,2 car.
OCR_probable_escaneado,Diosol,Seguro Camioneta L200 y tarjeta de circulación .pdf,6,6 car.
OCR_probable_escaneado,Presentación Diosol,Quelatos EDTA y EDDHA DIOSOL.pdf,6,6 car.
OCR_probable_escaneado,COMERCIAL,RAZONES SOCIALES 2024 BECEMEX_241126_141208.pdf,2,2 car.
OCR_probable_escaneado,Elixir,Negociación especial Elixir AgroChaver.pdf,4,4 car.
OCR_probable_escaneado,MAYO 2025,FACTURA SERVICIO .pdf,4,4 car.
OCR_imagen,Hort Americas,Screenshot_20251208_193013_Zoom.jpg,,Imagen: el texto se indexará con OCR en una fase posterior.
OCR_imagen,Hort Americas,Screenshot_20251208_194225_Zoom.jpg,,Imagen: el texto se indexará con OCR en una fase posterior.
OCR_imagen,Hort Americas,Screenshot_20251208_195332_Zoom.jpg,,Imagen: el texto se indexará con OCR en una fase posterior.
OCR_imagen,Hort Americas,Screenshot_20251208_201129_Chrome.jpg,,Imagen: el texto se indexará con OCR en una fase posterior.
OCR_imagen,Informacion tecnica,EDDHA_60wL3aq.jpg,,Imagen: el texto se indexará con OCR en una fase posterior.
OCR_imagen,Informacion tecnica,EDTA_08oyQJh.jpg,,Imagen: el texto se indexará con OCR en una fase posterior.
OCR_imagen,Información Isaosa y presentaciones Nutrición,PCN Caña.jpg,,Imagen: el texto se indexará con OCR en una fase posterior.
OCR_imagen,Información Isaosa y presentaciones Nutrición,Raiz en aguacate MF vs complejo.jpg,,Imagen: el texto se indexará con OCR en una fase posterior.
OCR_imagen,Liderazgo,Rueda de las emociones.jpg,,Imagen: el texto se indexará con OCR en una fase posterior.
OCR_imagen,Programas de Nutrición Vegetal,ANALISIS DE FERTILIDAD-Pepino.png,,Imagen: el texto se indexará con OCR en una fase posterior.
OCR_imagen,Programas de Nutrición Vegetal,ANALISIS DE AGUA - pepino.png,,Imagen: el texto se indexará con OCR en una fase posterior.
OCR_imagen,Quelatos,Log-K-values-of-complexes-of-various-metals-with-four-organic-ligands (1).png,,Imagen: el texto se indexará con OCR en una fase posterior.
OCR_imagen,Quelatos,images (14).jpeg,,Imagen: el texto se indexará con OCR en una fase posterior.
OCR_imagen,NutriPlant PRO,NutriPlant_PRO_blue.png,,Imagen: el texto se indexará con OCR en una fase posterior.
